Query Name,Execution Time (s)
Query 1,0.005646228790283203
Query 2,0.02146625518798828
Query 3,0.010705947875976562
Query 4,0.014448404312133789
Query 5,0.014106035232543945
Query 6,0.015045881271362305
Query 7,0.006654500961303711
Query 8,0.006501436233520508
Query 9,0.013507366180419922
Query 10,0.007373809814453125
Query 11,0.017756938934326172
