Query Name,Execution Time (s)
Query 1,0.006555795669555664
Query 2,0.006771087646484375
Query 3,0.00634312629699707
Query 4,0.004463911056518555
Query 5,0.003956794738769531
Query 6,0.01347661018371582
Query 7,0.0041599273681640625
Query 8,0.003859281539916992
Query 9,0.004031181335449219
Query 10,0.004109382629394531
Query 11,0.006594657897949219
