Query Name,Execution Time (s)
Query 1,0.011257410049438477
Query 2,0.01205134391784668
Query 3,0.01147007942199707
Query 4,0.00470280647277832
Query 5,0.004883766174316406
Query 6,0.010986804962158203
Query 7,0.004252910614013672
Query 8,0.005113124847412109
Query 9,0.004453897476196289
Query 10,0.004129886627197266
Query 11,0.010314702987670898
