Query Name,Execution Time (s)
Query 1,0.011704444885253906
Query 2,0.009395122528076172
Query 3,0.006705522537231445
Query 4,0.011513233184814453
Query 5,0.008942604064941406
Query 6,0.007819890975952148
Query 7,0.027532100677490234
Query 8,0.0069811344146728516
Query 9,0.008894920349121094
Query 10,0.007062673568725586
Query 11,0.007870912551879883
